block,BedLoc,bed,bed-row,bed-col,Genotype,pop,mf,rep,flowers,fruits,FrFlN,elevation.group,elev_m,Lat,Long
A,A_1_A,A,1,A,TM2_6_11,TM2,6,11,0,3,3,Low,379.1526973,39.59255,-121.55072
B,A_43_A,A,43,A,TM2_6_1,TM2,6,1,0,22,22,Low,379.1526973,39.59255,-121.55072
B,A_56_B,A,56,B,TM2_2_12,TM2,2,12,0,3,3,Low,379.1526973,39.59255,-121.55072
A,A_23_D,A,23,D,TM2_3_3,TM2,3,3,1,3,4,Low,379.1526973,39.59255,-121.55072
B,A_44_C,A,44,C,TM2_6_3,TM2,6,3,1,19,20,Low,379.1526973,39.59255,-121.55072
C,B_37_A,B,37,A,TM2_1_16,TM2,1,16,5,11,16,Low,379.1526973,39.59255,-121.55072
C,B_36_D,B,36,D,TM2_1_4,TM2,1,4,2,1,3,Low,379.1526973,39.59255,-121.55072
C,B_43_D,B,43,D,TM2_7_10,TM2,7,10,20,15,35,Low,379.1526973,39.59255,-121.55072
F,C_54_B,C,54,B,TM2_1_14,TM2,1,14,2,9,11,Low,379.1526973,39.59255,-121.55072
E,C_32_D,C,32,D,TM2_7_12,TM2,7,12,3,3,6,Low,379.1526973,39.59255,-121.55072
E,C_33_C,C,33,C,TM2_2_5,TM2,2,5,3,3,6,Low,379.1526973,39.59255,-121.55072
F,C_53_D,C,53,D,TM2_7_13,TM2,7,13,7,2,9,Low,379.1526973,39.59255,-121.55072
H,E_8_B,E,8,B,TM2_6_2,TM2,6,2,1,5,6,Low,379.1526973,39.59255,-121.55072
H,E_25_B,E,25,B,TM2_1_15,TM2,1,15,9,7,16,Low,379.1526973,39.59255,-121.55072
H,E_29_A,E,29,A,TM2_1_9,TM2,1,9,3,2,5,Low,379.1526973,39.59255,-121.55072
I,F_24_A,F,24,A,TM2_2_4,TM2,2,4,4,10,14,Low,379.1526973,39.59255,-121.55072
K,G_39_A,G,39,A,TM2_7_17,TM2,7,17,4,3,7,Low,379.1526973,39.59255,-121.55072
K,G_40_A,G,40,A,TM2_3_7,TM2,3,7,4,3,7,Low,379.1526973,39.59255,-121.55072
K,G_31_C,G,31,C,TM2_7_5,TM2,7,5,3,3,6,Low,379.1526973,39.59255,-121.55072
K,H_21_B,H,21,B,TM2_1_12,TM2,1,12,2,2,4,Low,379.1526973,39.59255,-121.55072
K,H_27_A,H,27,A,TM2_6_10,TM2,6,10,1,2,3,Low,379.1526973,39.59255,-121.55072
M,J_5_A,J,5,A,TM2_2_11,TM2,2,11,1,3,4,Low,379.1526973,39.59255,-121.55072
M,J_17_B,J,17,B,TM2_5_12,TM2,5,12,0,2,2,Low,379.1526973,39.59255,-121.55072
M,J_4_D,J,4,D,TM2_7_7,TM2,7,7,0,4,4,Low,379.1526973,39.59255,-121.55072
M,K_12_D,K,12,D,TM2_6_12,TM2,6,12,0,2,2,Low,379.1526973,39.59255,-121.55072